origin,time,corridor,onboardings,car_trips_0_800m,car_trips_0_1600m,car_trips_800_1600m,bus_ratio_near,bus_ratio_all
415;448,04:00 - 06:00,Orange,151,55,44,15,0.733010,0.569811
408;455,04:00 - 06:00,Orange,50,38,26,8,0.568182,0.409836
412;451,04:00 - 06:00,Orange,27,47,59,25,0.364865,0.170886
416;447,04:00 - 06:00,Orange,7,52,52,31,0.118644,0.049296
410;452,04:00 - 06:00,Orange,133,35,66,13,0.791667,0.538462
414;449,04:00 - 06:00,Orange,58,53,41,9,0.522523,0.360248
407;456,04:00 - 06:00,Orange,23,39,46,18,0.370968,0.182540
413;450,04:00 - 06:00,Orange,17,52,77,27,0.246377,0.098266
419;444;420,04:00 - 06:00,Orange,58,81,67,24,0.417266,0.252174
417;445,04:00 - 06:00,Orange,97,30,72,24,0.763780,0.434978
405;457,04:00 - 06:00,Orange,87,67,34,0,0.564935,0.462766
404;459,04:00 - 06:00,Orange,0,69,95,33,0.000000,0.000000
421;442,04:00 - 06:00,Orange,62,125,127,29,0.331551,0.180758
196;24;1508,04:00 - 06:00,Orange,16,69,54,10,0.188235,0.107383
409;453,04:00 - 06:00,Orange,16,36,51,22,0.307692,0.128000
1503,04:00 - 06:00,all,432,71,55,6,0.858847,0.765957
1125;1163;1162,04:00 - 06:00,Blue,1,20,5,0,0.047619,0.038462
1134;1153,04:00 - 06:00,Blue,2,12,11,7,0.142857,0.062500
21;28;1612,04:00 - 06:00,Blue,0,94,79,25,0.000000,0.000000
1131;1158,04:00 - 06:00,Blue,4,18,24,4,0.181818,0.080000
1135;1152,04:00 - 06:00,Blue,2,25,13,2,0.074074,0.047619
584;604,04:00 - 06:00,Blue,4,28,68,22,0.125000,0.032787
1139;1149,04:00 - 06:00,Blue,0,35,26,1,0.000000,0.000000
1138;1150;1137,04:00 - 06:00,Blue,8,29,23,1,0.216216,0.131148
1124;1164,04:00 - 06:00,Blue,0,20,30,19,0.000000,0.000000
343;349,04:00 - 06:00,Blue,26,63,31,3,0.292135,0.211382
1136;1151,04:00 - 06:00,Blue,0,23,21,8,0.000000,0.000000
342;350,04:00 - 06:00,Blue,12,57,32,14,0.173913,0.104348
1141;1147,04:00 - 06:00,Blue,0,23,20,1,0.000000,0.000000
1132;1155;1156,04:00 - 06:00,Blue,1,12,12,11,0.076923,0.027778
1133;1154,04:00 - 06:00,Blue,6,9,31,14,0.400000,0.100000
1130;1159;1160,04:00 - 06:00,Blue,1,31,17,0,0.031250,0.020408
345;347,04:00 - 06:00,Blue,0,62,137,79,0.000000,0.000000
344;348,04:00 - 06:00,Blue,24,49,73,32,0.328767,0.134831
1140;1148,04:00 - 06:00,Blue,0,24,44,15,0.000000,0.000000
1127;1161,04:00 - 06:00,Blue,0,43,24,0,0.000000,0.000000
1855,04:00 - 06:00,Blue,0,3,1,3,0.000000,0.000000
187;204,04:00 - 06:00,Green,57,31,19,6,0.647727,0.504425
661;674,04:00 - 06:00,Green,1,31,17,5,0.031250,0.018519
184;207,04:00 - 06:00,Green,43,21,28,2,0.671875,0.457447
657;678,04:00 - 06:00,Green,26,23,19,1,0.530612,0.376812
656;679,04:00 - 06:00,Green,18,30,23,3,0.375000,0.243243
1383;1461;1384,04:00 - 06:00,Green,37,50,57,22,0.425287,0.222892
665;670,04:00 - 06:00,Green,5,12,14,6,0.294118,0.135135
659;676;675,04:00 - 06:00,Green,0,29,19,3,0.000000,0.000000
664;671,04:00 - 06:00,Green,18,40,38,7,0.310345,0.174757
185;206,04:00 - 06:00,Green,26,37,17,8,0.412698,0.295455
662;673,04:00 - 06:00,Green,1,41,57,18,0.023810,0.008547
1385;1459,04:00 - 06:00,Green,16,66,51,8,0.195122,0.113475
658;677,04:00 - 06:00,Green,0,16,13,0,0.000000,0.000000
663;672,04:00 - 06:00,Green,19,17,20,5,0.527778,0.311475
183;209,04:00 - 06:00,Green,75,17,30,6,0.815217,0.585938
186;205,04:00 - 06:00,Green,15,21,4,0,0.416667,0.375000
188;203,04:00 - 06:00,Green,70,38,58,22,0.648148,0.372340
388;823,04:00 - 06:00,Green,140,74,64,16,0.654206,0.476190
1386;95,04:00 - 06:00,Green,1,52,33,17,0.018868,0.009709
415;448,06:00 - 09:00,Orange,482,325,295,89,0.597274,0.404702
408;455,06:00 - 09:00,Orange,416,279,252,80,0.598561,0.405063
412;451,06:00 - 09:00,Orange,193,262,433,190,0.424176,0.179035
416;447,06:00 - 09:00,Orange,103,232,391,180,0.307463,0.113687
410;452,06:00 - 09:00,Orange,679,255,294,120,0.726981,0.503709
414;449,06:00 - 09:00,Orange,407,238,224,97,0.631008,0.421325
407;456,06:00 - 09:00,Orange,137,151,279,107,0.475694,0.203264
413;450,06:00 - 09:00,Orange,243,289,368,175,0.456767,0.226047
419;444;420,06:00 - 09:00,Orange,508,541,528,169,0.484271,0.290951
417;445,06:00 - 09:00,Orange,540,291,472,191,0.649819,0.361446
405;457,06:00 - 09:00,Orange,979,398,201,13,0.710966,0.615336
404;459,06:00 - 09:00,Orange,23,626,797,256,0.035439,0.013514
421;442,06:00 - 09:00,Orange,494,741,696,212,0.400000,0.230518
196;24;1508,06:00 - 09:00,Orange,422,523,316,123,0.446561,0.304913
409;453,06:00 - 09:00,Orange,363,269,392,178,0.574367,0.301997
1503,06:00 - 09:00,all,6160,722,425,55,0.895089,0.836729
1125;1163;1162,06:00 - 09:00,Blue,64,157,60,4,0.289593,0.224561
1134;1153,06:00 - 09:00,Blue,4,61,105,41,0.061538,0.018957
21;28;1612,06:00 - 09:00,Blue,35,630,576,149,0.052632,0.025180
1131;1158,06:00 - 09:00,Blue,40,134,209,78,0.229885,0.086768
1135;1152,06:00 - 09:00,Blue,7,177,107,19,0.038043,0.022581
584;604,06:00 - 09:00,Blue,113,193,352,157,0.369281,0.138650
1139;1149,06:00 - 09:00,Blue,4,251,187,20,0.015686,0.008658
1138;1150;1137,06:00 - 09:00,Blue,118,270,198,27,0.304124,0.192496
1124;1164,06:00 - 09:00,Blue,23,268,441,196,0.079038,0.024784
343;349,06:00 - 09:00,Blue,142,266,200,51,0.348039,0.215478
1136;1151,06:00 - 09:00,Blue,15,160,184,64,0.085714,0.035461
342;350,06:00 - 09:00,Blue,233,389,293,56,0.374598,0.239959
1141;1147,06:00 - 09:00,Blue,17,200,122,21,0.078341,0.047222
1132;1155;1156,06:00 - 09:00,Blue,25,118,178,55,0.174825,0.066489
1133;1154,06:00 - 09:00,Blue,41,151,158,65,0.213542,0.098795
1130;1159;1160,06:00 - 09:00,Blue,23,262,173,2,0.080702,0.050000
345;347,06:00 - 09:00,Blue,1,366,807,459,0.002725,0.000612
344;348,06:00 - 09:00,Blue,235,289,403,211,0.448473,0.206503
1140;1148,06:00 - 09:00,Blue,155,257,241,88,0.376214,0.209177
1127;1161,06:00 - 09:00,Blue,7,293,150,9,0.023333,0.015251
1855,06:00 - 09:00,Blue,72,43,25,19,0.626087,0.452830
187;204,06:00 - 09:00,Green,118,148,147,34,0.443609,0.263982
661;674,06:00 - 09:00,Green,70,169,172,43,0.292887,0.154185
184;207,06:00 - 09:00,Green,411,185,134,33,0.689597,0.538663
657;678,06:00 - 09:00,Green,57,163,128,20,0.259091,0.154891
656;679,06:00 - 09:00,Green,178,246,166,20,0.419811,0.291803
1383;1461;1384,06:00 - 09:00,Green,93,359,347,107,0.205752,0.102649
665;670,06:00 - 09:00,Green,41,104,140,58,0.282759,0.119534
659;676;675,06:00 - 09:00,Green,17,301,273,96,0.053459,0.024745
664;671,06:00 - 09:00,Green,212,349,308,77,0.377897,0.224101
185;206,06:00 - 09:00,Green,165,223,153,23,0.425258,0.292553
662;673,06:00 - 09:00,Green,22,601,469,133,0.035313,0.017959
1385;1459,06:00 - 09:00,Green,48,576,382,67,0.076923,0.044734
658;677,06:00 - 09:00,Green,16,116,79,6,0.121212,0.073733
663;672,06:00 - 09:00,Green,34,335,251,63,0.092141,0.049780
183;209,06:00 - 09:00,Green,414,209,228,41,0.664526,0.464126
186;205,06:00 - 09:00,Green,96,160,76,1,0.375000,0.288288
188;203,06:00 - 09:00,Green,431,360,472,222,0.544880,0.290236
388;823,06:00 - 09:00,Green,370,612,618,138,0.376782,0.212888
1386;95,06:00 - 09:00,Green,20,393,286,59,0.048426,0.026385
415;448,09:00 - 15:00,Orange,1877,1212,1040,314,0.607640,0.422462
408;455,09:00 - 15:00,Orange,1105,747,714,295,0.596652,0.386229
412;451,09:00 - 15:00,Orange,597,840,1254,618,0.415449,0.180417
416;447,09:00 - 15:00,Orange,488,791,1558,822,0.381548,0.133370
410;452,09:00 - 15:00,Orange,1816,990,1190,500,0.647185,0.403915
414;449,09:00 - 15:00,Orange,1078,743,833,350,0.591982,0.358855
407;456,09:00 - 15:00,Orange,471,564,927,457,0.455072,0.194709
413;450,09:00 - 15:00,Orange,823,876,1427,689,0.484403,0.215727
419;444;420,09:00 - 15:00,Orange,3833,2158,2015,613,0.639793,0.444715
417;445,09:00 - 15:00,Orange,1821,929,1621,832,0.662182,0.349990
405;457,09:00 - 15:00,Orange,3571,1782,1084,80,0.667103,0.547952
404;459,09:00 - 15:00,Orange,208,2276,3331,1197,0.083736,0.029663
421;442,09:00 - 15:00,Orange,2082,3319,2805,688,0.385484,0.234090
196;24;1508,09:00 - 15:00,Orange,2505,2524,1682,386,0.498111,0.352966
409;453,09:00 - 15:00,Orange,1229,923,1295,557,0.571097,0.306943
1503,09:00 - 15:00,all,24474,2450,1528,218,0.909003,0.853645
1125;1163;1162,09:00 - 15:00,Blue,199,484,277,25,0.291362,0.202030
1134;1153,09:00 - 15:00,Blue,59,178,327,175,0.248945,0.079838
21;28;1612,09:00 - 15:00,Blue,78,2109,2402,837,0.035665,0.014375
1131;1158,09:00 - 15:00,Blue,41,512,483,194,0.074141,0.033333
1135;1152,09:00 - 15:00,Blue,44,473,334,51,0.085106,0.048780
584;604,09:00 - 15:00,Blue,211,584,1038,458,0.265409,0.092100
1139;1149,09:00 - 15:00,Blue,60,789,432,55,0.070671,0.044910
1138;1150;1137,09:00 - 15:00,Blue,428,972,565,57,0.305714,0.211672
1124;1164,09:00 - 15:00,Blue,48,836,2021,1116,0.054299,0.011937
343;349,09:00 - 15:00,Blue,532,772,621,160,0.407975,0.255156
1136;1151,09:00 - 15:00,Blue,65,533,440,148,0.108696,0.054806
342;350,09:00 - 15:00,Blue,540,1044,836,186,0.340909,0.207214
1141;1147,09:00 - 15:00,Blue,83,482,376,55,0.146903,0.083333
1132;1155;1156,09:00 - 15:00,Blue,128,528,513,132,0.195122,0.098386
1133;1154,09:00 - 15:00,Blue,98,398,397,138,0.197581,0.095053
1130;1159;1160,09:00 - 15:00,Blue,130,1154,625,12,0.101246,0.067673
345;347,09:00 - 15:00,Blue,9,1097,2641,1448,0.008137,0.001732
344;348,09:00 - 15:00,Blue,546,782,1196,518,0.411145,0.179487
1140;1148,09:00 - 15:00,Blue,92,627,613,192,0.127955,0.060367
1127;1161,09:00 - 15:00,Blue,28,1102,540,10,0.024779,0.016667
1855,09:00 - 15:00,Blue,826,429,267,73,0.658167,0.517868
187;204,09:00 - 15:00,Green,464,569,372,141,0.449177,0.300129
661;674,09:00 - 15:00,Green,160,833,571,163,0.161128,0.092646
184;207,09:00 - 15:00,Green,797,595,464,135,0.572557,0.400301
657;678,09:00 - 15:00,Green,260,663,361,62,0.281690,0.193165
656;679,09:00 - 15:00,Green,763,1170,575,55,0.394723,0.297698
1383;1461;1384,09:00 - 15:00,Green,618,1315,1138,352,0.319710,0.180543
665;670,09:00 - 15:00,Green,206,562,536,209,0.268229,0.136153
659;676;675,09:00 - 15:00,Green,59,1143,732,210,0.049085,0.027519
664;671,09:00 - 15:00,Green,741,1305,1381,466,0.362170,0.190342
185;206,09:00 - 15:00,Green,544,678,391,112,0.445172,0.315362
662;673,09:00 - 15:00,Green,37,2108,1908,624,0.017249,0.007911
1385;1459,09:00 - 15:00,Green,206,2374,1408,219,0.079845,0.048966
658;677,09:00 - 15:00,Green,87,546,295,32,0.137441,0.090625
663;672,09:00 - 15:00,Green,212,1194,1194,414,0.150782,0.070338
183;209,09:00 - 15:00,Green,1927,846,837,209,0.694915,0.504582
186;205,09:00 - 15:00,Green,150,479,232,19,0.238474,0.170455
188;203,09:00 - 15:00,Green,1695,1262,1401,512,0.573216,0.348049
388;823,09:00 - 15:00,Green,2851,4518,2899,491,0.386891,0.264987
1386;95,09:00 - 15:00,Green,126,1615,1105,263,0.072372,0.040528
415;448,15:00 - 18:00,Orange,746,658,593,170,0.531339,0.344255
408;455,15:00 - 18:00,Orange,401,389,384,152,0.507595,0.302413
412;451,15:00 - 18:00,Orange,247,467,683,334,0.345938,0.142692
416;447,15:00 - 18:00,Orange,190,526,921,435,0.265363,0.091699
410;452,15:00 - 18:00,Orange,922,568,750,319,0.618792,0.360297
414;449,15:00 - 18:00,Orange,300,353,485,208,0.459418,0.222883
407;456,15:00 - 18:00,Orange,129,278,536,258,0.316953,0.107410
413;450,15:00 - 18:00,Orange,347,501,903,454,0.409198,0.157370
419;444;420,15:00 - 18:00,Orange,1382,1162,1138,409,0.543239,0.337815
417;445,15:00 - 18:00,Orange,655,492,908,487,0.571055,0.257671
405;457,15:00 - 18:00,Orange,1327,1032,620,40,0.562526,0.439550
404;459,15:00 - 18:00,Orange,100,1279,1898,674,0.072516,0.025310
421;442,15:00 - 18:00,Orange,672,1838,1718,385,0.267729,0.145675
196;24;1508,15:00 - 18:00,Orange,1235,1442,1098,204,0.461337,0.310379
409;453,15:00 - 18:00,Orange,607,477,702,277,0.559963,0.294232
1503,15:00 - 18:00,all,11640,1482,1042,155,0.887060,0.812906
1125;1163;1162,15:00 - 18:00,Blue,81,232,123,17,0.258786,0.178808
1134;1153,15:00 - 18:00,Blue,15,107,206,107,0.122951,0.034483
21;28;1612,15:00 - 18:00,Blue,69,1235,1390,480,0.052914,0.021739
1131;1158,15:00 - 18:00,Blue,5,316,355,101,0.015576,0.006435
1135;1152,15:00 - 18:00,Blue,25,319,205,29,0.072674,0.043253
584;604,15:00 - 18:00,Blue,47,322,533,292,0.127371,0.039363
1139;1149,15:00 - 18:00,Blue,6,408,253,22,0.014493,0.008708
1138;1150;1137,15:00 - 18:00,Blue,126,568,321,32,0.181556,0.120344
1124;1164,15:00 - 18:00,Blue,50,536,1161,681,0.085324,0.020593
343;349,15:00 - 18:00,Blue,145,398,377,73,0.267035,0.146022
1136;1151,15:00 - 18:00,Blue,22,295,219,106,0.069401,0.034268
342;350,15:00 - 18:00,Blue,177,648,429,84,0.214545,0.132287
1141;1147,15:00 - 18:00,Blue,25,309,226,31,0.074850,0.042301
1132;1155;1156,15:00 - 18:00,Blue,121,342,255,84,0.261339,0.150873
1133;1154,15:00 - 18:00,Blue,13,251,238,85,0.049242,0.022147
1130;1159;1160,15:00 - 18:00,Blue,82,628,362,4,0.115493,0.076208
345;347,15:00 - 18:00,Blue,1,591,1437,803,0.001689,0.000353
344;348,15:00 - 18:00,Blue,146,427,655,326,0.254799,0.093951
1140;1148,15:00 - 18:00,Blue,19,333,344,103,0.053977,0.023780
1127;1161,15:00 - 18:00,Blue,11,551,308,10,0.019573,0.012500
1855,15:00 - 18:00,Blue,404,263,182,28,0.605697,0.460661
187;204,15:00 - 18:00,Green,126,362,290,76,0.258197,0.147541
661;674,15:00 - 18:00,Green,49,452,333,100,0.097804,0.052463
184;207,15:00 - 18:00,Green,346,362,321,103,0.488701,0.305654
657;678,15:00 - 18:00,Green,145,438,275,46,0.248714,0.160398
656;679,15:00 - 18:00,Green,376,738,334,51,0.337522,0.250834
1383;1461;1384,15:00 - 18:00,Green,313,806,707,215,0.279714,0.153356
665;670,15:00 - 18:00,Green,51,324,342,116,0.136000,0.061224
659;676;675,15:00 - 18:00,Green,21,609,418,123,0.033333,0.017933
664;671,15:00 - 18:00,Green,293,723,828,317,0.288386,0.135585
185;206,15:00 - 18:00,Green,215,422,270,73,0.337520,0.219388
662;673,15:00 - 18:00,Green,13,1234,1234,322,0.010425,0.004638
1385;1459,15:00 - 18:00,Green,77,1277,771,120,0.056869,0.034298
658;677,15:00 - 18:00,Green,73,466,234,15,0.135436,0.092640
663;672,15:00 - 18:00,Green,101,793,734,239,0.112975,0.054097
183;209,15:00 - 18:00,Green,753,490,546,152,0.605792,0.387944
186;205,15:00 - 18:00,Green,58,299,154,17,0.162465,0.109848
188;203,15:00 - 18:00,Green,839,820,965,360,0.505726,0.281166
388;823,15:00 - 18:00,Green,1753,2766,1759,287,0.387918,0.267022
1386;95,15:00 - 18:00,Green,103,1097,728,127,0.085833,0.050122
415;448,18:00 - 22:00,Orange,320,547,577,145,0.369089,0.201385
408;455,18:00 - 22:00,Orange,202,444,461,171,0.312693,0.158059
412;451,18:00 - 22:00,Orange,137,494,731,419,0.217116,0.076923
416;447,18:00 - 22:00,Orange,131,432,825,442,0.232682,0.071585
410;452,18:00 - 22:00,Orange,387,555,728,384,0.410828,0.188413
414;449,18:00 - 22:00,Orange,143,348,494,243,0.291242,0.116450
407;456,18:00 - 22:00,Orange,48,298,518,264,0.138728,0.042553
413;450,18:00 - 22:00,Orange,210,454,919,541,0.316265,0.098870
419;444;420,18:00 - 22:00,Orange,576,1014,1162,454,0.362264,0.179663
417;445,18:00 - 22:00,Orange,395,429,731,413,0.479369,0.200711
405;457,18:00 - 22:00,Orange,626,1018,613,33,0.380779,0.273362
404;459,18:00 - 22:00,Orange,40,1281,1993,726,0.030280,0.009901
421;442,18:00 - 22:00,Orange,332,1653,1617,413,0.167254,0.082690
196;24;1508,18:00 - 22:00,Orange,449,1153,900,200,0.280275,0.166173
409;453,18:00 - 22:00,Orange,339,527,734,368,0.391455,0.172256
1503,18:00 - 22:00,all,6704,1445,1011,171,0.822678,0.718465
1125;1163;1162,18:00 - 22:00,Blue,29,188,148,22,0.133641,0.074935
1134;1153,18:00 - 22:00,Blue,5,103,217,106,0.046296,0.011601
21;28;1612,18:00 - 22:00,Blue,33,1338,1598,532,0.024070,0.009426
1131;1158,18:00 - 22:00,Blue,11,295,281,96,0.035948,0.016105
1135;1152,18:00 - 22:00,Blue,5,325,209,34,0.015152,0.008726
584;604,18:00 - 22:00,Blue,11,378,515,237,0.028278,0.009641
1139;1149,18:00 - 22:00,Blue,4,476,239,33,0.008333,0.005319
1138;1150;1137,18:00 - 22:00,Blue,67,622,364,29,0.097242,0.061922
1124;1164,18:00 - 22:00,Blue,14,456,832,438,0.029787,0.008046
343;349,18:00 - 22:00,Blue,39,443,356,86,0.080913,0.042208
1136;1151,18:00 - 22:00,Blue,1,294,257,83,0.003390,0.001575
342;350,18:00 - 22:00,Blue,101,786,541,96,0.113867,0.066273
1141;1147,18:00 - 22:00,Blue,5,293,212,34,0.016779,0.009191
1132;1155;1156,18:00 - 22:00,Blue,27,386,318,87,0.065375,0.033007
1133;1154,18:00 - 22:00,Blue,2,193,245,100,0.010256,0.003704
1130;1159;1160,18:00 - 22:00,Blue,45,765,375,2,0.055556,0.037911
345;347,18:00 - 22:00,Blue,0,592,1671,957,0.000000,0.000000
344;348,18:00 - 22:00,Blue,46,431,614,297,0.096436,0.033141
1140;1148,18:00 - 22:00,Blue,5,373,354,86,0.013228,0.006112
1127;1161,18:00 - 22:00,Blue,2,546,277,8,0.003650,0.002401
1855,18:00 - 22:00,Blue,195,270,170,43,0.419355,0.287611
187;204,18:00 - 22:00,Green,45,242,214,64,0.156794,0.079646
661;674,18:00 - 22:00,Green,28,282,273,98,0.090323,0.041116
184;207,18:00 - 22:00,Green,114,344,240,67,0.248908,0.149020
657;678,18:00 - 22:00,Green,79,387,255,38,0.169528,0.104084
656;679,18:00 - 22:00,Green,196,693,349,34,0.220472,0.154088
1383;1461;1384,18:00 - 22:00,Green,94,643,630,213,0.127544,0.059494
665;670,18:00 - 22:00,Green,14,222,275,130,0.059322,0.021841
659;676;675,18:00 - 22:00,Green,17,551,389,88,0.029930,0.016268
664;671,18:00 - 22:00,Green,105,682,926,370,0.133418,0.050408
185;206,18:00 - 22:00,Green,109,352,197,46,0.236443,0.154830
662;673,18:00 - 22:00,Green,10,941,924,311,0.010515,0.004575
1385;1459,18:00 - 22:00,Green,23,895,591,127,0.025054,0.014059
658;677,18:00 - 22:00,Green,45,286,159,12,0.135952,0.089641
663;672,18:00 - 22:00,Green,27,530,573,266,0.048474,0.019341
183;209,18:00 - 22:00,Green,160,272,293,96,0.370370,0.194884
186;205,18:00 - 22:00,Green,20,246,110,10,0.075188,0.051813
188;203,18:00 - 22:00,Green,296,511,791,322,0.366791,0.154167
388;823,18:00 - 22:00,Green,865,2715,1785,253,0.241620,0.153969
1386;95,18:00 - 22:00,Green,29,782,627,130,0.035758,0.018495
415;448,22:00 - 00:00,Orange,4,126,135,42,0.030769,0.013029
408;455,22:00 - 00:00,Orange,6,118,122,39,0.048387,0.021053
412;451,22:00 - 00:00,Orange,6,126,171,78,0.045455,0.015748
416;447,22:00 - 00:00,Orange,4,116,209,124,0.033333,0.008830
410;452,22:00 - 00:00,Orange,3,115,163,75,0.025424,0.008427
414;449,22:00 - 00:00,Orange,1,99,126,66,0.010000,0.003425
407;456,22:00 - 00:00,Orange,1,52,123,59,0.018868,0.004255
413;450,22:00 - 00:00,Orange,3,122,278,179,0.024000,0.005155
419;444;420,22:00 - 00:00,Orange,11,240,314,122,0.043825,0.016012
417;445,22:00 - 00:00,Orange,8,113,227,138,0.066116,0.016461
405;457,22:00 - 00:00,Orange,12,201,134,4,0.056338,0.034188
404;459,22:00 - 00:00,Orange,0,263,321,101,0.000000,0.000000
421;442,22:00 - 00:00,Orange,12,398,429,131,0.029268,0.012371
196;24;1508,22:00 - 00:00,Orange,25,320,218,52,0.072464,0.040650
409;453,22:00 - 00:00,Orange,4,124,195,102,0.031250,0.009412
1503,22:00 - 00:00,all,388,417,335,57,0.481988,0.324144
1125;1163;1162,22:00 - 00:00,Blue,0,59,17,6,0.000000,0.000000
1134;1153,22:00 - 00:00,Blue,0,25,46,19,0.000000,0.000000
21;28;1612,22:00 - 00:00,Blue,0,407,466,162,0.000000,0.000000
1131;1158,22:00 - 00:00,Blue,0,52,65,22,0.000000,0.000000
1135;1152,22:00 - 00:00,Blue,0,60,47,8,0.000000,0.000000
584;604,22:00 - 00:00,Blue,0,110,137,71,0.000000,0.000000
1139;1149,22:00 - 00:00,Blue,0,120,84,11,0.000000,0.000000
1138;1150;1137,22:00 - 00:00,Blue,0,131,97,6,0.000000,0.000000
1124;1164,22:00 - 00:00,Blue,0,93,172,81,0.000000,0.000000
343;349,22:00 - 00:00,Blue,0,100,104,28,0.000000,0.000000
1136;1151,22:00 - 00:00,Blue,0,63,49,23,0.000000,0.000000
342;350,22:00 - 00:00,Blue,0,162,134,27,0.000000,0.000000
1141;1147,22:00 - 00:00,Blue,0,61,46,7,0.000000,0.000000
1132;1155;1156,22:00 - 00:00,Blue,0,55,56,24,0.000000,0.000000
1133;1154,22:00 - 00:00,Blue,0,51,57,24,0.000000,0.000000
1130;1159;1160,22:00 - 00:00,Blue,0,149,91,1,0.000000,0.000000
345;347,22:00 - 00:00,Blue,0,167,478,301,0.000000,0.000000
344;348,22:00 - 00:00,Blue,0,117,172,87,0.000000,0.000000
1140;1148,22:00 - 00:00,Blue,0,103,94,35,0.000000,0.000000
1127;1161,22:00 - 00:00,Blue,0,85,49,0,0.000000,0.000000
1855,22:00 - 00:00,Blue,0,24,18,4,0.000000,0.000000
187;204,22:00 - 00:00,Green,8,67,56,18,0.106667,0.053691
661;674,22:00 - 00:00,Green,1,67,58,19,0.014706,0.006897
184;207,22:00 - 00:00,Green,3,97,61,4,0.030000,0.018182
657;678,22:00 - 00:00,Green,0,85,52,2,0.000000,0.000000
656;679,22:00 - 00:00,Green,11,117,55,7,0.085938,0.057895
1383;1461;1384,22:00 - 00:00,Green,27,208,192,55,0.114894,0.056017
665;670,22:00 - 00:00,Green,2,87,79,34,0.022472,0.009901
659;676;675,22:00 - 00:00,Green,0,109,94,16,0.000000,0.000000
664;671,22:00 - 00:00,Green,16,186,190,93,0.079208,0.032990
185;206,22:00 - 00:00,Green,6,89,62,14,0.063158,0.035088
662;673,22:00 - 00:00,Green,0,255,214,71,0.000000,0.000000
1385;1459,22:00 - 00:00,Green,0,241,159,36,0.000000,0.000000
658;677,22:00 - 00:00,Green,3,73,46,3,0.039474,0.024000
663;672,22:00 - 00:00,Green,5,174,108,55,0.027933,0.014620
183;209,22:00 - 00:00,Green,6,89,60,18,0.063158,0.034682
186;205,22:00 - 00:00,Green,2,61,39,4,0.031746,0.018868
188;203,22:00 - 00:00,Green,7,163,218,90,0.041176,0.014644
388;823,22:00 - 00:00,Green,15,371,275,66,0.038860,0.020633
1386;95,22:00 - 00:00,Green,8,248,180,35,0.031250,0.016985
